[
    {
      "_id": {
        "$oid": "645fd54d2752f7cfcdf0c2ca"
      },
      "nombre": "Conferencia de Tecnología",
      "descripcion": "Descripción del evento 1",
      "fecha": "2023-11-15",
      "ubicacion": "La Rural",
      "organizador": "Tech Innovators Association"
    },
    {
      "_id": {
        "$oid": "645fd90f846d09a2d2f358a0"
      },
      "nombre": "Festival de Música al Aire Libre",
      "descripcion": "Un festival de música al aire libre con actuaciones de bandas locales y food tracks.",
      "fecha": "2023-10-20",
      "ubicacion": "Hipodromo de Palermo",
      "organizador": "Asociación de Música Local"
    },
    {
      "_id": {
        "$oid": "645fda5d846d09a2d2f358a3"
      },
      "nombre": "Cena de Recaudación",
      "descripcion": "Cena de recaudacion para recaudar fondos para la educacion de niños desfavorecidos.",
      "fecha": "2023-10-25",
      "ubicacion": "Museo de Bellas Artes",
      "organizador": " Fundación para la Educación Solidaria"
    }
  ]
  